period_id,next_period_id,duration,pavg_turnover_rate,pavg_core_exp,pavg_rel_exp,pavg_n_party,pavg_arist_sup,pavg_agrar_sup,pavg_party_sup,pavg_busin_sup,pavg_beaur_sup,pavg_milit_sup,pavg_ethni_sup,pavg_relig_sup,pavg_local_sup,pavg_ubour_sup,pavg_rbour_sup,pavg_uprol_sup,pavg_rprol_sup,pavg_forei_sup,pavg_arist_opp,pavg_agrar_opp,pavg_party_opp,pavg_busin_opp,pavg_beaur_opp,pavg_milit_opp,pavg_ethni_opp,pavg_relig_opp,pavg_local_opp,pavg_ubour_opp,pavg_rbour_opp,pavg_uprol_opp,pavg_rprol_opp,pavg_forei_opp,pavg_sup_size,pavg_opp_size,pavg_dem_mob,pavg_aut_mob,pavg_pwr_ses,pavg_pwr_soc,pavg_legcon,pavg_jucon,pavg_repress,pfy_gini_disp,pfy_gini_mkt,pfy_gdp_percap,p_communist,p_elecaut
ALB: 1966-1991,ALB: 1992-1995,78,0.2045597118739534,5.431495310674877,-2.9531200739405077,1.0769230769230769,0.25,0,0.7596153846153846,0.038461538461538464,1,0.7211538461538461,0.23076923076923078,0,0.019230769230769232,0.25,0.25,0.4807692307692308,0.25,0,0.25,0.23076923076923078,0.057692307692307696,0.2692307692307692,0.2692307692307692,0.23076923076923078,0.23076923076923078,0,0.25,0.28846153846153844,0.2692307692307692,0.019230769230769232,0,0.23076923076923078,0.9997692307692307,-1.5356153846153846,-1.3138076923076922,0.5059615384615385,1.393,0.439,0.09984615384615385,0.3391153846153846,-2.584576923076923,40.429320229377794,46.87117534638487,3271,TRUE,FALSE
ALB: 1996-1996,ALB: 1997-2020,1,0.0625,3.6875,-1.3125,2,0.25,0,1,0.5,1,0.25,0,0,0.25,0.25,0.25,0.25,0.25,0,0.25,0,0.5,0.5,0.25,0,0,0,0.25,0.25,0,0,0,0,1.522,-0.699,0.719,-0.58,0.907,1.166,0.884,0.631,0.587,37.17302974700928,46.35137397766113,4294,FALSE,TRUE
ARG: 1966-1973,ARG: 1974-1975,8,0.6565508766595723,1.6453211643429024,-0.7296788356570976,NA,0.22925,0.754625,0.136375,0.767125,0.062625,0.834375,0,0.167,0.14650000000000002,0.025125,0.374,0.0125,0,0,0.0755,0.090625,0.059875000000000005,0.05,0,0.140625,0,0,0,0.70525,0.225,0,0,0,0.03575000000000001,2.1,0.68425,0.095,-0.9535,1.101875,NA,0.556125,-0.93525,35.578942947387695,39.244494895935055,13986,FALSE,FALSE
ARG: 1976-1983,ARG: 1984-2020,8,0.5241815476190474,1.8887648809523814,-0.48623511904761874,0.25,0.32825000000000004,0.7195,0.17175,0.90225,0.17175,0.8235,0,0.16212500000000002,0.167,0.014375,0.17650000000000002,0.00475,0,0,0,0.025,0.19425,0.01925,0,0.05,0,0,0,0.6577500000000001,0.5135,0.09425,0.01925,0.01925,-0.341625,1.771875,1.27775,0.395,-1.354125,1.092,NA,0.385875,-2.4595000000000002,39.13068206787109,43.147963981628415,12976,FALSE,FALSE
ARM: 1992-2017,ARM: 2018-2020,27,0.345681809193955,3.7538123913123904,-1.2846491471491481,2.3461538461538463,0.143,0,0.714076923076923,0.9010769230769231,0.8075,0.824,0,0,0.21449999999999997,0.04680769230769231,0.2941153846153846,0.0908076923076923,0.0688076923076923,0.11549999999999999,0,0,0.05769230769230769,0.011,0.032999999999999995,0.187,0,0,0.027499999999999997,0.3794230769230769,0.6454230769230769,0.3849230769230769,0.3794230769230769,0.011,-0.264,1.1131538461538462,0.45492307692307693,-0.4620769230769231,-0.11476923076923075,2.2033846153846155,0.3213846153846154,0.24315384615384614,0.7083076923076923,36.90063083648682,48.029030113220216,10804,FALSE,FALSE
BDI: 1966-2005,BDI: 2006-2014,44,0.3638664063586392,2.9383527622741195,-1.3366472377258805,2.9,0.01265,0.04035,0.415325,0.0206,0,0.85915,0.14687499999999998,0,0.006325,0.014249999999999999,0.05255,0.018699999999999998,0,0,0.0223,0.01275,0.06572499999999999,0.067875,0.037575000000000004,0.468275,0.670825,0.040075,0.0301,0.0576,0.047725,0.20215,0.02505,0.01015,-0.094575,0.914125,-1.154625,1.50785,1.353675,-1.18545,0.2696,0.5785,-1.186675,37.07261289596558,39.00039306640625,671,FALSE,FALSE
BEN: 1966-1990,BEN: 1991-2018,31,0.4339329004329004,3.7302827172827175,-3.469717282717282,0.6,0,0.00432,0.64612,0.13064,0.41184,0.59516,0.00432,0.16988,0.08395999999999999,0.00864,0.04904,0.04904,0.044719999999999996,0.10628,0,0.09336,0.00492,0.24128,0.18563999999999997,0.27896,0.2314,0.09336,0.32372,0.6771199999999999,0.37335999999999997,0.16171999999999997,0.13807999999999998,0.2314,1.40492,1.31272,0.49684,1.50972,0.40043999999999996,0.47903999999999997,NA,0.37732,-0.7826000000000001,42.658538105176035,45.57303746484168,1481,TRUE,FALSE
BFA: 1966-2015,BFA: 2016-2020,56,0.33305178289292225,3.6076496572331096,-5.232350342766891,0.78,0.15766,0.0031999999999999997,0.4734,0.44114,0.30078,0.81338,0.06863999999999999,0.03374,0.38416,0.15438,0.20858,0.20673999999999998,0.04768,0.06867999999999999,0.11868000000000001,0.08228,0.31914000000000003,0.21868,0.516,0.5288,0.08228,0.08274000000000001,0.22628,0.87074,0.30504000000000003,0.14,0.18000000000000002,0.04164,-0.03187999999999999,-0.47814,1.2952000000000001,0.72912,0.87842,1.63764,0.36963999999999997,0.55818,1.26618,42.05265553282871,46.901125031636994,1450,FALSE,TRUE
BGD: 1972-1990,BGD: 1991-2006,20,0.4252033292849618,2.4215516158563486,-1.3152904894068094,1.5263157894736843,0.026894736842105263,0.29247368421052633,0.6048947368421053,0.43794736842105264,0.6016842105263158,0.7517368421052631,0.059,0.4584736842105263,0.30110526315789476,0.20226315789473684,0.23873684210526316,0.2443684210526316,0.27031578947368423,0.14105263157894737,0,0.053000000000000005,0.3967894736842105,0.033947368421052636,0.021631578947368422,0.2168421052631579,0.08457894736842106,0.2075263157894737,0.24342105263157895,0.2802631578947369,0.42236842105263156,0.1512105263157895,0.11710526315789474,0.10636842105263158,0.13831578947368423,1.2058421052631578,-0.5128421052631579,0.721,-0.911,1.729,0.16678947368421052,0.5425263157894737,-0.4128421052631579,31.909088954925537,35.703236198425294,1309,FALSE,FALSE
BGD: 2007-2008,BGD: 2009-2013,2,0.7780748663101605,1.90909090909091,0.40909090909090995,0,0.0895,0.0925,0.42000000000000004,0.32299999999999995,0.3655,0.721,0,0.097,0.232,0.138,0.2335,0.138,0.1425,0.091,0.0955,0.0955,0.47750000000000004,0.1895,0.0035,0.2375,0.0035,0.0955,0.1895,0.191,0.2865,0.0955,0.1895,0.0015,-0.7090000000000001,1.084,-0.9904999999999999,-0.704,-1.616,1.64,0.371,0.444,-0.127,34.618908138275145,37.62319904327393,2410,FALSE,FALSE
BGR: 1966-1989,BGR: 1990-2020,111,0.16799475285740295,6.85306729953551,-5.64693270046449,2.0833333333333335,0,0.026041666666666668,0.75,0.15104166666666666,0.75,0.375,0,0,0.125,0.6197916666666666,0.026041666666666668,0.4010416666666667,0.026041666666666668,0.5052083333333334,0.143,0,0.14895833333333333,0,0,0,0.05362499999999999,0.143,0,0,0.143,0,0,0.143,1.6504166666666666,-2.64525,-2.691666666666667,2.13375,2.618,0.267,0.073,0.219,-1.3896666666666666,28.52650093078613,40.716395988464356,10802,TRUE,FALSE
BOL: 1966-1978,BOL: 1979-1979,154,0.6170940170940171,1.8299145299145292,-1.0162393162393168,0.8461538461538461,0.25653846153846155,0.4481538461538461,0.295,0.4481538461538461,0.295,0.9615384615384616,0,0,0,0.038461538461538464,0.09923076923076923,0.038461538461538464,0,0.25653846153846155,0,0,0.2726153846153846,0,0,0.038461538461538464,0.5453846153846154,0.2726153846153846,0.2726153846153846,0.9615384615384616,1,0.9615384615384616,0.2726153846153846,0,-0.33461538461538465,-0.7308461538461538,0.3850769230769231,-0.11261538461538463,0.5506923076923077,-0.238,NA,0.06999999999999999,-0.5606923076923077,43.85942951357275,45.015144794230814,4566,FALSE,FALSE
BOL: 1980-1982,BOL: 1983-2020,3,0.803030303030303,1.4641148325358833,0.13078149920254992,0,0.16166666666666668,0.16166666666666668,0.259,0.4073333333333333,0.333,0.741,0,0.111,0.16166666666666668,0.259,0.259,0.16166666666666668,0.16166666666666668,0,0,0.0026666666666666666,0.32733333333333337,0.0026666666666666666,0,0.2743333333333333,0.32733333333333337,0.14100000000000001,0.22433333333333333,0.67,0.7173333333333334,0.67,0.269,0,-0.6286666666666667,-0.45133333333333336,1.2493333333333334,-0.5036666666666667,0.3546666666666667,-0.238,NA,0.05266666666666667,-0.993,45.910545518391636,45.93921391014942,4027,FALSE,FALSE
BRA: 1966-1984,BRA: 1985-2020,21,0.29521391197291463,3.0897353031702073,0.300261618959681,1,0.125,0.5921052631578947,0.25,0.875,0.368,0.9671052631578947,0,0.118,0.03289473684210526,0,0.25,0,0.09210526315789473,0.375,0,0,0.3593684210526316,0.0438421052631579,0,0,0,0,0,0.5614210526315789,0.6228421052631579,0.35057894736842105,0.167,0,-0.3988421052631579,0.6974736842105264,0.32842105263157895,-0.1955263157894737,-0.381,0.701,0.17021052631578948,0.4021578947368421,-1.4793684210526317,52.34442604064942,61.96573806762695,9636,FALSE,TRUE
CAF: 1966-1993,CAF: 1994-2002,34,0.41429910465597114,3.05447084903769,-3.5883862938194526,0.7857142857142857,0.13392857142857142,0.24996428571428572,0.4732142857142857,0.25,0.47964285714285715,0.83925,0.42214285714285715,0.25,0.5153571428571428,0.2524642857142857,0.17857142857142858,0.3660357142857143,0.11607142857142858,0.15182142857142858,0.17560714285714285,0.03339285714285714,0.5988571428571429,0.26553571428571426,0.06017857142857143,0.2850714285714286,0.42560714285714285,0.42560714285714285,0.28339285714285717,0.28339285714285717,0.30125,0.03339285714285714,0.03339285714285714,0.29778571428571426,0.3686785714285714,-0.23657142857142857,-0.4404285714285714,0.7763928571428571,-0.1464642857142857,0.19407142857142856,0.15746428571428572,0.21221428571428572,-1.256892857142857,54.68635097503662,53.67423599243164,927,FALSE,FALSE
CHL: 1974-1989,CHL: 1990-2020,17,0.379536251259397,3.3168144036270633,-5.183185596372937,0,0.36125,0.536625,0.2548125,0.879625,0.305375,0.9704375,0,0.1666875,0.0870625,0.043125000000000004,0.494875,0.113125,0.102875,0.0415625,0.0340625,0.032375,0.1990625,0.0454375,0.056874999999999995,0.17406249999999998,0.0853125,0.091,0.0966875,0.7264375,0.694,0.30643750000000003,0.2860625,0.1040625,0.2133125,1.9721875,0.148,1.4408750000000001,-2.3911875,-1.3471875,NA,0.2965,-2.2514375,50.78740901947022,55.13268890380859,8725,FALSE,FALSE
COM: 1966-2005,COM: 2006-2018,40,0.46782552006816713,3.0801100002938235,-0.5448899997061762,NA,0.04805,0.10435,0.574225,0.43935,0.2908,0.585975,0.1704,0.264075,0.27590000000000003,0.031925,0,0.011825,0.011825,0.302125,0,0.178975,0.0881,0.17295,0.2006,0.1298,0.35265,0.140825,0.06875,0.36875,0.285325,0.36205,0.064975,0.05945,0.015875000000000004,0.9766750000000001,-0.751175,0.16145,0.9475750000000001,0.746875,0.342375,0.33485,-0.09090000000000001,54.520631828308105,55.160060234069825,1378,FALSE,TRUE
CPV: 1976-1990,CPV: 1991-2020,16,0.14783549783549788,5.815512265512268,-2.1844877344877323,1,0,0,0.833,0.167,0.167,0,0,0,0.167,0.167,0.167,0,0,0,0,0.2,0.2,0.2,0,0,0,0.4,0,0,0.2,0.2,0.2,0,0.056,0.224,-1.5370666666666666,-1.4376,1.148,1.623,0.5641333333333334,0.838,1.4206666666666665,41.04811702550318,45.99124168361918,2875,TRUE,FALSE
CYP: 1966-1975,CYP: 1976-2020,16,0.289102564102564,3.076282051282053,-2.423717948717947,0,0,0.008799999999999999,0.6,0.5912,0.4,0.10880000000000001,0.4,0,0.1912,0.008799999999999999,0.2088,0,0,0.2912,0.0147,0,7e-4,0.1142,0,0,0.5618,0,0,0,0,0,0,0.5912000000000001,0.7446,0.2561,-0.8669,-1.284,0.743,-0.161,0.7235,0.7743,0.391,39.2011522442482,46.947991624556956,6714,FALSE,TRUE
CZE: 1966-1989,CZE: 1990-2020,43,0.1967389910605802,6.185384959093418,-3.6062817075732485,1,0,0,0.8510416666666667,0,0.571,0.429,0,0,0,0.3017083333333333,0,0.286,0,0.5769583333333332,0,0.333,0.03279166666666666,0.333,0,0,0,0.5904583333333333,0,0.020875,0.256875,0.18775,0.18775,0,0.7142083333333333,2.3052916666666667,-1.7507916666666667,1.8289583333333332,1.787,-0.052,0.08591666666666667,0.0585,-1.4174166666666665,19.74996648788452,36.64690748214721,16439,TRUE,FALSE
ECU: 1966-1979,ECU: 1980-1999,17,0.603586889301175,1.7161410018552878,-0.426716141001855,NA,0.143,0.3224285714285714,0.3635,0.5584285714285714,0.33164285714285713,0.8659285714285714,0,0,0.10828571428571428,0,0.1887142857142857,0,0,0.09728571428571428,0.08042857142857142,0.08042857142857142,0.07928571428571428,0.11885714285714286,0.030642857142857142,0.3031428571428571,0,0,0.08414285714285713,0.286,0.15907142857142856,0.20664285714285713,0.033,0.033,-0.9511428571428571,-0.3712857142857143,-0.4501428571428571,-1.078,-0.461,-0.454,NA,0.14857142857142858,-0.21392857142857144,40.55827954571258,44.335338688288445,7484,FALSE,FALSE
ECU: 2000-2002,ECU: 2003-2020,3,0.522875816993464,1.8355119825708066,-0.1644880174291933,2.3333333333333335,0.143,0.286,0.857,0.571,0.429,0.714,0.143,0,0.286,0,0.286,0.143,0.143,0,0,0,0.143,0.286,0,0.38099999999999995,0.19066666666666665,0,0.286,0.143,0,0.143,0,0,0.31,-1.2873333333333332,-1.3936666666666666,-1.833,0.581,0.585,0.649,0.337,0.815,49.62627304077149,50.18953201293945,7833,FALSE,TRUE
ESP: 1966-1975,ESP: 1976-2020,39,0.3133583959899749,2.685614035087719,-2.814385964912281,1,0.6815,0.7725,0.273,0.636,0.636,1,0.091,0.5905,0.4095,0,0.091,0,0.091,0,0,0,0.1412,0,0,0,0.2824,0,0,0.8588,0.7051,0.1412,0,0,0.2725,0.6885,-0.6678,0.056,-0.296,0.018,0.041,0.333,-0.461,32.852160949707034,44.523577003479005,14933,FALSE,FALSE
FJI: 1987-2013,FJI: 2014-2020,27,0.2765466017375202,4.8198476749175585,-1.6616338065639233,1.4074074074074074,0.2813703703703704,0.16833333333333333,0.31174074074074076,0.30718518518518517,0.18618518518518518,0.7235185185185186,0.4086666666666667,0.2258888888888889,0.3101481481481482,0.023185185185185187,0.10181481481481482,0,0,0.003925925925925926,0.10740740740740741,0.015851851851851853,0.18666666666666668,0.034185185185185187,0.012148148148148148,0.4408518518518519,0.674,0.0038888888888888888,0.33466666666666667,0.32851851851851854,0.16655555555555557,0.03755555555555556,0,0.03688888888888889,0.2008888888888889,0.33459259259259255,-0.8498148148148148,-1.1213333333333333,0.9361111111111111,-0.5084074074074074,0.5321851851851852,0.5115185185185185,1.412111111111111,39.194129905700684,41.60870128631592,10540,FALSE,FALSE
GEO: 1992-2003,GEO: 2004-2020,13,0.40098429951690834,2.7736863197189283,-3.7263136802810717,2.5833333333333335,0.06916666666666667,7.499999999999999e-4,0.7915833333333333,0.6189166666666667,0.7546666666666666,0.3968333333333333,0.185,0.3114166666666667,0.16625,0.3393333333333334,0.45025,0.2991666666666667,0.3550833333333333,0.29058333333333336,8.333333333333333e-5,0,0.27725,0.09766666666666667,0.0285,0.09758333333333333,0.16425,0.08375,0.14341666666666666,0.12116666666666667,0.4041666666666667,0.20541666666666666,0.10733333333333334,0.08091666666666666,1.1055,1.02,-0.2275833333333333,-1.14075,1.0116666666666667,0.373,NA,0.3779166666666667,1.272,40.196464958190916,49.623850936889646,5792,FALSE,TRUE
GHA: 1966-1969,GHA: 1970-1971,13,0.5204545454545455,1.68409090909091,-0.06590909090908997,0,0.14875,0.14875,0.32025000000000003,0.1765,0.242,0.7145,0,0,0.41725,0.04325,0.06375,0.06975,0.0975,0.328,0.286,0.14825,0.143,0.46449999999999997,0,0.143,0.01075,0,0.29125,0.42874999999999996,0.32699999999999996,0.25025,0.25025,0,0.50925,1.1095,1.76775,-1.371,1.05925,1.2395,0.213,0.55575,0.77,41.99350292863097,42.64710691097418,2081,FALSE,FALSE
GHA: 1972-1979,GHA: 1980-1981,8,0.4784229720113851,1.9386044236242874,-0.9363955763757126,0,0.013875,5e-4,0.24975,0.02875,0.235875,0.8325,5e-4,0,0.12587500000000001,0.013875,0.02825,0.02775,0.02825,0.222,0.286,0.26749999999999996,0,0.42825,0,0.285375,0.143,0,0.268125,0.553875,0.5882499999999999,0.286,0.42825,0,-0.7298749999999999,1.6327500000000001,1.63075,-1.362,1.526,1.402,0.253,0.45125,0.4995,43.01189618507413,44.94991646345142,1900,FALSE,FALSE
GHA: 1982-1996,GHA: 1997-2020,16,0.2673600971276723,4.206215322143588,-3.7937846778564124,0.26666666666666666,0.1266,0.134,0.30946666666666667,0.16806666666666667,0.48933333333333334,0.7955333333333333,0.26726666666666665,0.05333333333333334,0.30873333333333336,0.3746,0.23473333333333332,0.308,0.23473333333333332,0.02666666666666667,0.21326666666666666,0.13699999999999998,0.060733333333333334,0.3598,0,0.1799333333333333,0.3347333333333333,0.041666666666666664,0.23706666666666665,0.576,0.5106666666666666,0.31566666666666665,0.31566666666666665,0,1.1585999999999999,1.8243333333333334,1.8696666666666668,-1.4768000000000001,1.2930666666666668,1.4776,0.4734,0.586,0.34413333333333335,40.17291603088379,41.148392829895016,1888,FALSE,FALSE
GMB: 1966-1971,GMB: 1972-1994,7,0.35,2.5166666666666666,-0.9833333333333333,1,0.287,0.016333333333333335,0.7055,0.1435,0.27949999999999997,0.4225,0.1435,0.1435,0.11916666666666666,0.1398333333333333,0,0.1435,0.1435,0.44216666666666665,0.19466666666666668,0.167,0.333,0,0,0.30533333333333335,0.49633333333333335,0.167,0.22233333333333336,0.115,0.0036666666666666666,0.333,0.333,0.167,1.1498333333333333,0.034999999999999996,-1.494,-2.19,-0.299,-0.27599999999999997,0.22566666666666668,0.8099999999999999,-0.36183333333333334,38.226382341976965,45.245571033907666,1608,FALSE,TRUE
GMB: 1995-2016,GMB: 2017-2020,23,0.2939939532431792,4.342719990707607,-7.157280009292393,0.9090909090909091,0.026,0.11904545454545454,0.5650454545454545,0.48813636363636365,0.6782727272727272,0.7360454545454546,0.40186363636363637,0.06054545454545455,0.30513636363636365,0.11904545454545454,0.005045454545454546,0.21345454545454545,0.05909090909090909,0.1175909090909091,0,0.015136363636363637,0.17454545454545456,0,0,0.35154545454545455,0.38613636363636367,0.05313636363636364,0.007590909090909092,0.15940909090909092,0,0.11386363636363638,0.060727272727272734,0.16695454545454547,0.52809090909090906,1.680590909090909,-1.9241363636363635,-1.1005454545454545,-0.38872727272727275,-0.186,0.17668181818181816,0.2751363636363636,-0.8476818181818182,41.8498388671875,41.71599716186523,1788,FALSE,TRUE
GNB: 1975-1993,GNB: 1994-1997,20,0.23286322690784933,5.657248896909119,-0.23748794519614422,1,0,0.15142105263157896,0.5894736842105263,0.14415789473684212,0.3368421052631579,0.7781052631578947,0.38542105263157894,0.1926842105263158,0.14415789473684212,0.14415789473684212,0.14415789473684212,0.14415789473684212,0.14415789473684212,0.025105263157894735,0,0,0.32863157894736844,0.32863157894736844,0,0.6491052631578947,0.6713684210526316,0,0.32863157894736844,0.34178947368421053,0.35089473684210526,0.34178947368421053,0.32863157894736844,0,0.09757894736842104,-0.13005263157894736,-2.462,-1.937,0.133,0.12,0.0701578947368421,0.17663157894736842,-1.3817894736842107,40.96730495452881,43.78212589263916,1362,FALSE,FALSE
GRC: 1967-1974,GRC: 1975-2020,8,0.5684738039952822,2.1259308657673586,-0.7490691342326412,0,0.094375,0,0.094375,0.283125,0.094375,0.868125,0,0.094375,0,0,0.094375,0,0,0.22625,0.125,0,0.25,0.171875,0,0.125,0.078125,0.125,0,0.40625,0.5,0.375,0.25,0.203125,-0.957,0.853,0.6105,1.036,1.006,1.225,0.83,0.479,-2.064,38.438590126037596,55.119351921081545,14139,FALSE,FALSE
GRD: 1979-1983,GRD: 1984-2020,5,0.3083760683760684,2.55863247863248,-0.44136752136752005,1,NA,NA,NA,NA,NA,NA,NA,NA,NA,NA,NA,NA,NA,NA,NA,NA,NA,NA,NA,NA,NA,NA,NA,NA,NA,NA,NA,NA,NA,NA,NA,NA,NA,NA,NA,NA,NA,38.99753475044488,45.227359963814,3557,TRUE,FALSE
GTM: 1971-1985,GTM: 1986-2020,16,0.41835016835016836,2.1240740740740733,-0.009259259259260012,0,0.4,0.7866666666666667,0.23193333333333335,0.88,0.018600000000000002,1,0,0,0,0,0.013333333333333334,0,0,0.21333333333333335,0,0,0.018600000000000002,0.04206666666666667,0,0.034,0.5202,0.12206666666666667,0.21293333333333334,0.8852,0.2909333333333333,0.9045333333333333,0.22146666666666667,0.013333333333333334,-1.2284,1.6821333333333335,-1.4009333333333334,-0.8543999999999999,-1.5548666666666666,-1.8548666666666667,0.0852,0.5014666666666667,-2.0814666666666666,48.886531867980956,51.640663948059085,5067,FALSE,FALSE
GUY: 1966-1992,GUY: 1993-2020,27,0.214151505121493,5.681817695558655,-3.13299711925616,1.1111111111111112,0,0,0.26951851851851855,0.26951851851851855,0.3158518518518519,0,0.5786296296296296,0,0,0,0,0.28670370370370374,0,0.08822222222222223,0,0,0.30833333333333335,0.333,0,0,0.48144444444444445,0,0,0.6250370370370371,0.35774074074074075,0.333,0,0.333,0.33570370370370367,0.34574074074074074,-1.299,-0.7002962962962963,1.523925925925926,-0.24325925925925926,0.11262962962962964,0.7134074074074074,0.21125925925925926,46.96923778533935,48.405013961791994,3712,FALSE,TRUE
HND: 1966-1970,HND: 1971-1972,8,0.2181818181818182,2.890909090909092,-0.10909090909090793,1,0.2,0.6,0.6,0.2,0.2,1,0,0,0.4,0,0,0,0.2,0.6,0,0.25,0,0,0,0,0,0,0.05,0.3,0.3,0.3,0.05,0.05,0.126,-0.8314,NA,NA,-1.739,-1.395,0.186,0.222,-1.75,39.92152941272934,43.855187612169374,2821,FALSE,TRUE
HND: 1973-1981,HND: 1982-2008,10,0.46381766381766387,2.2189458689458688,0.10783475783475782,0.6666666666666666,0.2,0.5555555555555556,0.6444444444444445,0.33333333333333337,0.24444444444444446,0.9983333333333333,0,0.044444444444444446,0.4,0.06666666666666667,0.11111111111111112,0.044444444444444446,0.24444444444444446,0.5538888888888889,0,0.19444444444444445,0,0.05555555555555555,0.05555555555555555,0.002,0,0,0.027777777777777776,0.3333333333333333,0.2777777777777778,0.2777777777777778,0.027777777777777776,0,0.5295555555555556,-0.3091111111111111,NA,NA,-1.739,-1.395,NA,0.31333333333333335,-1.957,37.474601029354965,44.63761935731934,3814,FALSE,FALSE
HND: 2009-2009,HND: 2010-2016,1,0.210526315789474,3.05263157894737,-0.9473684210526301,1,0.2,0.6,0.8,1,0.6,0.4,0,0,0.4,0.2,0.4,0.2,0.2,0.2,0,0,0,0.25,0,0,0,0,0,0.25,0.25,0.25,0,0,2.117,0.283,-1.018,-2.145,-1.092,0.6,0.255,0.677,1.459,50.260042114257814,51.80801399230957,4267,FALSE,FALSE
HRV: 1992-1999,HRV: 2000-2020,9,0.3920973320158104,2.536562088274045,-1.963437911725955,1.25,NA,NA,NA,NA,NA,NA,NA,NA,NA,NA,NA,NA,NA,NA,NA,NA,NA,NA,NA,NA,NA,NA,NA,NA,NA,NA,NA,NA,NA,NA,0.51575,-0.057499999999999996,0.778,-0.423375,0.349125,0.421375,0.398,28.045649967193604,42.90519390106201,15068,FALSE,FALSE
HUN: 1966-1989,HUN: 1990-2020,123,0.20371337417499422,5.187117798492395,-6.354548868174272,1,0,0,1,0.0925,0.667,0.34225,0,0,0.222,0.667,0.333,0.5466666666666667,0.222,0.778,0.125,0.125,0.125,0,0,0,0,0.25,0.125,0.005208333333333333,0.3177083333333333,0,0,0,1.0126666666666666,-0.9402916666666666,-2.211125,2.774,2.322625,1.6760000000000002,0.11145833333333333,0.515,-1.4843333333333333,24.1371169090271,43.81738521575928,16797,TRUE,FALSE
IDN: 1966-1999,IDN: 2000-2020,43,0.157318183840456,5.776721360604856,-8.92916099233632,2.0294117647058822,0.2540588235294118,0.1828235294117647,0.5466176470588235,0.6729117647058823,0.8388823529411765,0.7434411764705882,0.11755882352941176,0.16588235294117648,0.18941176470588234,0.006794117647058824,0.2515,0.010294117647058823,0.06785294117647059,0.0913235294117647,0.004382352941176471,0.1115,0.22626470588235295,0.1048529411764706,0.1075,0.15579411764705883,0.43055882352941177,0.19908823529411765,0.2908235294117647,0.18079411764705883,0.38376470588235295,0.17241176470588235,0.28391176470588236,0.12026470588235294,0.21679411764705883,-0.8751470588235294,0.1738235294117647,1.5355,-1.1606470588235296,0.29073529411764704,0.09861764705882353,0.062441176470588236,-0.3407352941176471,41.287363052368164,37.86496208190918,5481,FALSE,TRUE
KEN: 1966-2002,KEN: 2003-2020,40,0.15481646026182586,6.716321441916512,-3.8512461256510555,1,0.143,0.4865675675675675,0.6173783783783784,0.5211621621621622,0.741054054054054,0.34397297297297297,0.9652162162162162,0.20097297297297295,0.35164864864864864,0.143,0.18164864864864863,0.143,0.143,0.05797297297297297,0,0,0.42886486486486486,0.2666756756756756,0,0.007729729729729729,0.9613513513513513,0.007729729729729729,0.14686486486486486,0.2628108108108108,0.2628108108108108,0.18937837837837837,0.07343243243243243,0,0.6497837837837838,1.0022432432432433,0.6223513513513513,-0.7324324324324324,0.07981081081081082,0.015054054054054054,0.5482162162162162,0.2766756756756757,-0.3057567567567568,49.42125476837158,49.438650932312015,2389,FALSE,FALSE
KOR: 1966-1987,KOR: 1988-2020,27,0.4459971906950272,2.321767340557647,-3.769141750351444,1.2272727272727273,0,0,0.3865,0.7151363636363636,0.5580909090909091,0.8666363636363636,0,0,0.050681818181818175,0.05404545454545454,0.08654545454545454,0.19586363636363635,0.19477272727272726,0.33549999999999996,0,0,0.1592727272727273,0,0,0.1592727272727273,0,0,0,0.4070909090909091,0.5403636363636364,0,0,0,1.2292272727272726,0.05900000000000001,0.7835909090909091,-0.9230909090909092,0.6084545454545455,1.0164090909090908,0.07540909090909091,0.27136363636363636,-0.9116818181818183,32.83692705154419,34.72281398773193,9538,FALSE,TRUE
LBN: 1966-1970,LBN: 1971-1974,28,0.8324064171122996,1.368770053475934,-1.631229946524066,2.6,0.25,0,0.5,0.375,0.125,0.5,0,0.25,0.375,0,0.125,0,0.125,0.25,0.143,0,0.143,0,0,0.143,0.286,0.429,0.25739999999999996,0.286,0.11439999999999999,0.286,0.143,0.286,0.161,0.571,0.523,-1.057,-1.05,-0.612,0.547,0.239,0.231,34.23479499042007,43.211312750173235,14284,FALSE,FALSE
LBR: 1966-2005,LBR: 2006-2020,160,0.3155738874793589,3.2937210023130037,-0.6562789976869965,1.375,NA,NA,NA,NA,NA,NA,NA,NA,NA,NA,NA,NA,NA,NA,NA,NA,NA,NA,NA,NA,NA,NA,NA,NA,NA,NA,NA,NA,NA,NA,-0.33705,0.203575,0.711675,-0.6578249999999999,NA,0.276075,-0.030374999999999982,38.130839340207835,44.14562613236642,1424,FALSE,FALSE
LKA: 1978-1994,LKA: 1995-2009,18,0.16480610892375594,6.080443532502357,1.4333847089729455,2,0,0.23529411764705882,1,0.7092941176470589,0.9806470588235294,0.5100588235294118,0.7058823529411765,0.7058823529411765,0.020117647058823532,0.2806470588235294,0.5294117647058824,0.27058823529411763,0.5058823529411764,0,0,0.17647058823529413,0.27441176470588236,0,0.17647058823529413,0.17647058823529413,0.9411764705882353,0.27441176470588236,0.27441176470588236,0.27441176470588236,0.27441176470588236,0.45088235294117646,0.3185294117647059,0,1.6857058823529412,1.2343529411764707,-0.8201764705882353,-2.145,0.3009411764705882,0.193,0.3200588235294118,0.733,-0.24829411764705883,44.409453887939456,41.05124496459961,4175,FALSE,TRUE
LKA: 2010-2014,LKA: 2015-2020,5,0.12257738441144121,8.467957917022346,1.467957917022346,11.6,0,0.167,1,0.667,1,0.833,0.833,0.833,0.167,0.333,0.5,0.5,0.5,0,0,0,0.2,0.2,0.2,0,0.4,0.2,0.2,0.4,0.4,0.2,0.2,0,2.088,0.946,-0.121,-1.033,0.852,0.4568,0.275,0.6514,-0.602,48.025062789916994,42.94884292602539,10342,FALSE,FALSE
LSO: 1967-2001,LSO: 2002-2020,36,0.24820948237087695,4.327409810264645,-2.3297330468782116,0.8,0.243,0.18228571428571427,0.4206857142857143,0.3038,0.243,0.6730857142857143,0.36451428571428574,0.18228571428571427,0.243,0.08854285714285715,0.0608,0.09488571428571428,0,0.3037142857142857,0.26074285714285717,0.1537714285714286,0.5014285714285714,0.3068857142857143,0.09174285714285714,0.3828285714285714,0.24522857142857143,0.09174285714285714,0.09174285714285714,0.211,0.015514285714285715,0.07265714285714285,0,0.2344,1.1788857142857143,0.9246857142857142,0.8453999999999999,1.3189142857142857,0.4912,1.4853714285714286,NA,0.7165428571428571,0.07120000000000001,51.688621025085446,57.71148887634277,1585,FALSE,TRUE
MDG: 1966-1992,MDG: 1993-2008,33,0.24596772922955223,4.134119870051411,-3.3473616114300713,0.9259259259259259,0.05466666666666667,0.12592592592592594,0.9204074074074075,0.3692592592592593,0.6146666666666667,0.799037037037037,0.609925925925926,0.12592592592592594,0.3584814814814815,0.24207407407407408,0.09944444444444445,0.0632962962962963,0.1742962962962963,0.11392592592592593,0.027777777777777776,0.027777777777777776,0.5816296296296296,0.4057777777777778,0.007407407407407408,0.25492592592592594,0.027777777777777776,0.2818148148148148,0.007407407407407408,0.2743703703703704,0.7144814814814815,0.10537037037037036,0.12155555555555556,0,0.8208518518518518,1.489962962962963,-1.295962962962963,-1.281074074074074,0.6394814814814815,0.42762962962962964,NA,0.2770740740740741,0.06544444444444444,42.339603958129885,45.52883506774902,1428,TRUE,FALSE
MDG: 2009-2018,MDG: 2019-2020,10,0.5619615093203802,2.481845341885665,-0.518154658114335,2.7,0,0.004200000000000001,0.9028,0.9305,0.6404000000000001,0.7517,0.2431,0.251,0.36110000000000003,0.27040000000000003,0.3496,0,0.0472,0.0893,0,0.1233,0.6407,0.5174,0.1233,0.3993,0,0.1128,0,0.3108,0.7535000000000001,0,0,0,0.791,1.7453,-0.159,-1.4868,-0.0858,0.589,0.2715,0.2488,1.2617,43.037583837566864,48.137608277213594,1404,FALSE,TRUE
MDV: 1966-2008,MDV: 2009-2011,43,0.1405849351893453,7.476258300661129,-5.453974257478405,0.06976744186046512,0.4930232558139535,0.24069767441860465,0.4872093023255814,0.4174418604651163,0.4174418604651163,0.4116279069767442,0.013953488372093025,0.4174418604651163,0.17093023255813952,0.005813953488372093,0.4872093023255814,0,0.24069767441860465,0.011627906976744186,0,0,0,0.023255813953488372,0,0,0,0.023232558139534884,0.05811627906976744,0,0.04653488372093024,0,0,0.48834883720930233,1.0183720930232558,-0.7713720930232558,-0.7812558139534884,0.29227906976744183,-2.038046511627907,1.2111162790697674,0.06546511627906977,0.06276744186046512,-0.6015348837209302,39.13632499694824,40.6232260131836,15528,FALSE,TRUE
MEX: 1966-2000,MEX: 2001-2020,179,0.2810545797266275,3.3814584605772136,-0.047112967994215174,1,0.1427142857142857,0.2124857142857143,0.9682857142857143,0.7653142857142857,0.6892,0.524,0,0.06342857142857143,0.4602857142857143,0.2727428571428571,0.54,0.47322857142857144,0.32665714285714287,0.09514285714285714,0,0,0.47154285714285715,0.1694857142857143,0,0,0.004771428571428571,0,0.23511428571428572,0.4618285714285714,0.38562857142857143,0.4733428571428572,0,0,1.2914857142857143,-0.23005714285714288,1.568342857142857,2.1051142857142855,-0.09419999999999999,0.15157142857142858,0.13031428571428572,0.34491428571428573,-0.7138857142857142,48.79235397338867,49.98722194671631,13821,FALSE,TRUE
MLI: 1966-1991,MLI: 1992-2012,32,0.31148356155500717,3.4940295959035548,-6.505970404096446,0.6923076923076923,0,0.25,0.2573846153846154,0.21153846153846154,0.29584615384615387,0.8868461538461538,0,0,0.0673076923076923,0.04584615384615385,0.04584615384615385,0,0,0,0,0,0,0.28957692307692307,0,0.2799615384615385,0.26184615384615384,0.28846153846153844,0,0.3173076923076923,0.057692307692307696,0.25,0.25,0,0.03946153846153846,-0.2053076923076923,0.4842692307692308,1.6625384615384615,-0.3174230769230769,-0.6917692307692308,NA,0.5796153846153845,-0.4678076923076923,39.88373919193017,45.944044020171425,998,FALSE,FALSE
MNE: 1997-2005,MNE: 2006-2020,9,0.3481896137068551,2.7373202468030042,0.29287580235856,3.3333333333333335,0.167,0,0.9443333333333334,0.6113333333333334,0.8886666666666666,0.05566666666666667,0.44433333333333336,0,0.333,0.2776666666666667,0.333,0,0,0.11133333333333334,0,0,0.037111111111111116,0.167,0,0,0.5,0.167,0.167,0.167,0.167,0,0,0.2961111111111111,1.7577777777777777,1.3574444444444445,0.639888888888889,0.6658888888888889,0.4633333333333333,0.519,NA,0.721,0.836,37.76127597808838,48.07493198394776,11627,FALSE,TRUE
MNG: 1966-1989,MNG: 1990-2020,66,0.16673700193681884,6.306997053980351,-2.2346696126863157,1,0,0,1,0.125,0.625,0.5,0.125,0,0.125,0.5,0.375,0.5,0.125,0.875,0.143,0.143,0.14895833333333333,0,0.143,0,0,0.005958333333333333,0.28004166666666663,0.14895833333333333,0.15491666666666665,0,0,0.286,1.8411666666666666,-1.3979583333333332,-3.0398333333333336,-0.013958333333333338,1.252,1.567,0.16,0.107,-1.7224583333333332,37.474679981500444,44.902846808318344,6070,TRUE,FALSE
MOZ: 1975-1993,MOZ: 1994-2003,19,0.1695590181006508,5.770416413018662,0.1914690445976094,1,0,0.167,0.9746315789473684,0.20194736842105265,0.6500526315789474,0.48305263157894734,0.3245789473684211,0.19342105263157897,0.20194736842105265,0.28963157894736846,0.03515789473684211,0.167,0,0.02536842105263158,0,0.12694736842105264,0.07321052631578948,0.12694736842105264,0,0.31478947368421056,0.6286842105263158,0.24442105263157896,0.39652631578947367,0.010105263157894737,0,0.29110526315789476,0.11815789473684211,0.3762105263157895,0.5477894736842105,0.798,-0.793,-0.21063157894736842,1.2440526315789475,0.888,0.152,0.27221052631578946,-1.4957894736842106,41.226346624386046,46.24557634758347,348,TRUE,FALSE
MUS: 1966-1967,MUS: 1968-2020,2,0.5357142857142855,1.5,0,3,0.25,0.5,0.5,0.5,0.25,0,0,0,0.5,0,0.25,0,0,0.5,0.25,0.25,0,0.25,0,0,0.25,0.25,0.25,0.25,0,0.25,0,0,0.749,-0.038,1.7175,-0.656,0.051,0.743,0.88,0.76,1.138,37.16794015190132,43.52462780000253,3472,FALSE,FALSE
MWI: 1966-1993,MWI: 1994-2020,30,0.2780815298147231,6.042764133625478,-8.457235866374523,NA,0.167,0.3092857142857143,1,0.32707142857142857,0.5,0.32707142857142857,0.667,0.167,0.6610357142857143,0.167,0.167,0.167,0.333,0,0.2,0.2,0.4428571428571429,0.4357142857142857,0.2285714285714286,0.20714285714285716,0.6071428571428571,0.4428571428571429,0.2,0.6428571428571428,0.24285714285714285,0.4,0.4,0.028571428571428574,0.3458928571428571,-0.8726071428571429,-1.3753928571428573,-0.8329642857142857,-0.6846785714285714,-0.02239285714285714,0.07975,0.4268214285714286,-3.219,48.28095504760742,52.3775199508667,803,FALSE,FALSE
"NAM: 1990-2018","NAM: 2019-2020",29,0.11091473411770161,8.44177584135579,2.0624654965282034,1,0.1650344827586207,0.273,0.6652413793103449,0.27841379310344827,0.33027586206896553,0.49755172413793103,0.6603103448275862,0.16617241379310346,0.3801379310344828,0.3801379310344828,0.1650344827586207,0.8233103448275861,0.4942068965517241,0.1706206896551724,0.001103448275862069,0.001103448275862069,0.16586206896551725,0.167,0,0,0.17610344827586208,0,0.1806896551724138,0.0022413793103448275,0.17731034482758623,0.013758620689655172,0.001103448275862069,0.001103448275862069,1.761344827586207,-0.04486206896551724,-1.2541724137931034,-0.898,1.0867241379310346,0.6286896551724138,0.71,0.8910689655172414,2.473793103448276,41.428452863161816,45.60799583474093,9030,FALSE,TRUE
NER: 1966-1992,NER: 1993-1995,33,0.29697502791268204,3.7504069033608287,-2.027370874416949,0.4444444444444444,0.207,0.23148148148148148,0.48744444444444446,0.23148148148148148,0.44907407407407407,0.7671851851851852,0.06944444444444445,0.25,0.2962962962962963,0.1560740740740741,0.17592592592592593,0.09259259259259259,0.07737037037037037,0.125,0.018518518518518517,0,0.25925925925925924,0.25925925925925924,0.36574074074074076,0.6375555555555555,0.25,0.375,0,0.2744814814814815,0,0.009259259259259259,0.004629629629629629,0.125,0.8075925925925926,0.40855555555555556,-0.511925925925926,0.45685185185185184,0.857,0.2200740740740741,NA,0.5327407407407407,-0.7022592592592592,38.53147790908813,41.82805194854736,765,FALSE,FALSE
NER: 1996-1999,NER: 2000-2009,4,0.669168060200669,2.4303442028985502,0.68034420289855,2.75,0.1275,0.0035,0.35925,0.131,0.354,0.7717499999999999,0,0.22475,0.0245,0.0035,0.0035,0,0,0.12925,0,0.09375,0.354,0.354,0.48325,0.7415,0.2585,0.3875,0,0.2585,0.09375,0.09375,0,0.12925,0.67225,0.3645,0.349,0.708,2.229,1.282,NA,0.63125,0.4305,38.57927898406982,41.93048095703125,725,FALSE,TRUE
NER: 2010-2010,NER: 2011-2015,2,0.05882352941176505,4.88235294117647,3.88235294117647,4,0.017,0,0.425,0.142,0.392,0.733,0.108,0.25,0.142,0.034,0.034,0,0,0.341,0,0,0.174,0.281,0.314,0.438,0.281,0.405,0,0.157,0.017,0,0,0.14,1.297,0.656,0.227,1.267,2.052,1.288,0.19,0.661,1.885,37.47972896575928,39.20635807037353,809,FALSE,TRUE
NGA: 1966-1979,NGA: 1980-1983,14,0.34356665769551764,3.0094063057108436,-1.6334508371462992,NA,0.20935714285714285,0.10742857142857143,0.2222142857142857,0.2607857142857143,0.46614285714285714,0.7495,0.14964285714285713,0.07478571428571427,0.2042857142857143,0.07442857142857143,0.15714285714285714,0.13599999999999998,0.06871428571428571,0.005285714285714285,0.2676428571428571,0.15464285714285714,0.15014285714285713,0.07742857142857143,0.066,0.25842857142857145,0.31314285714285717,0.12121428571428572,0.22085714285714286,0.43842857142857145,0.16564285714285715,0.1519285714285714,0.14892857142857144,0.0055,-0.12778571428571428,0.40014285714285713,0.06799999999999999,-1.1465714285714286,-1.2135,1.187,0.14307142857142857,0.38,0.32271428571428573,43.330788517595735,44.56721498121065,3440,FALSE,FALSE
NGA: 1984-2014,NGA: 2015-2020,32,0.4323376895802831,2.451467690216946,-1.0001452130088606,NA,0.25487096774193546,0.15345161290322581,0.5114193548387097,0.43232258064516127,0.3953225806451613,0.5824193548387097,0.22790322580645161,0.1638709677419355,0.23916129032258066,0.16148387096774194,0.20970967741935484,0.08832258064516128,0.105,0.004580645161290322,0.15948387096774194,0.02093548387096774,0.26948387096774196,0.02893548387096774,0.05564516129032258,0.2600967741935484,0.17112903225806453,0.11519354838709678,0.10796774193548388,0.5670645161290323,0.2679677419354839,0.11648387096774193,0.1292258064516129,0.015903225806451614,0.8616774193548387,0.1864193548387097,1.1213548387096774,-0.7862903225806451,-0.5224516129032258,1.0671290322580647,0.671741935483871,0.4643548387096774,0.8283225806451613,41.59623405456543,43.38718715667724,5569,FALSE,FALSE
NIC: 1966-1983,NIC: 1984-2016,146,0.344517860907804,3.086875709064989,-2.1353465131572333,1.3888888888888888,0.5706111111111111,0.7650555555555556,0.5127222222222222,0.577,0.7563333333333333,1,0,0.19444444444444445,0.3888888888888889,0.23494444444444446,0.11744444444444445,0.17938888888888888,0.4381111111111111,0.6325555555555555,0,0.15672222222222223,0.333,0.37872222222222224,0,0,0.07400000000000001,0.15672222222222223,0.07400000000000001,0.7692777777777777,0.4713333333333334,0.6397777777777778,0.4157222222222222,0.23072222222222222,-0.09683333333333333,2.7030000000000003,-0.03144444444444444,0.6298333333333332,-1.4075000000000002,-1.6255,NA,0.07333333333333333,-2.2,40.51965454110257,43.027927628202974,4987,FALSE,TRUE
NPL: 1966-1990,NPL: 1991-2001,191,0.4862339294692235,2.937768708415767,-6.062231291584233,0,0.9932,0.7612,0.40112000000000003,0.005679999999999999,0.1748,0.568,0.40452000000000005,0.20568,0.36348,0.005679999999999999,0.0068000000000000005,0.005679999999999999,0.005679999999999999,0,0,0,0.49148,0.2486,0.005679999999999999,0,0.26108,0.2486,0.25312,0.25424,0.75028,0.2554,0.25424,0.005679999999999999,-0.81112,0.85168,-0.30648,0.9708,-0.3102,-0.21488,0.35824,0.3724,-0.94428,38.10463405609131,39.987800102233884,1274,FALSE,TRUE
NPL: 2002-2007,NPL: 2008-2020,6,0.7569677033492823,2.9717304625199366,1.80506379585327,2.8333333333333335,0.875,0.3666666666666667,0.8166666666666667,0.3125,0.5166666666666666,0.7,0.35833333333333334,0.20416666666666666,0.27083333333333337,0.26666666666666666,0.3416666666666667,0.1625,0.0625,0.11666666666666667,0,0,0.43533333333333335,0.19783333333333333,0.21783333333333332,0,0.7458333333333333,0.25416666666666665,0.036500000000000005,0.3468333333333333,0.523,0.56466666666666665,0.25416666666666665,0.37916666666666665,0.06816666666666667,1.9113333333333333,1.6871666666666667,-0.69,1.4033333333333333,1.1560000000000001,0.8125,0.7581666666666667,0.7869999999999999,38.49221893310547,40.39256290435791,1916,FALSE,FALSE
PAK: 1966-1971,PAK: 1972-1976,16,0.5508158508158508,1.7158508158508166,-0.2841491841491834,NA,0.2,0.2,0.26666666666666666,0.33333333333333337,0.6666666666666667,0.8666666666666667,0,0.2,0.13333333333333333,0.4,0.06666666666666667,0,0,0,0.2,0.06666666666666667,0.4,0.06666666666666667,0.06666666666666667,0.30000000000000004,0,0,0,0.2,0.26666666666666666,0,0,0,-0.315,0.9353333333333332,0.23133333333333334,-1.542,-0.663,-0.242,0.39949999999999997,0.4181666666666667,-0.418,32.850447998046874,34.30568504333496,1822,FALSE,FALSE
PAK: 1977-1988,PAK: 1989-1999,12,0.4018721052692827,2.7345219184936926,-3.7654780815063074,0,0,0.05,0.2,0,0.4,0.95,0.15000000000000002,0.7000000000000001,0.15000000000000002,0.05,0.2,0,0,0,0,0,0.21250000000000002,0,0.0625,0.275,0.15000000000000002,0,0,0.16666666666666669,0.15000000000000002,0.016666666666666666,0.016666666666666666,0,-0.8892500000000001,0.102,-0.14166666666666666,-1.016,-0.663,-0.048,NA,0.42625,-0.85675,33.92821292877197,34.861255111694334,2997,FALSE,FALSE
PAK: 2000-2008,PAK: 2009-2017,10,0.45215220051133365,2.819733269826149,-2.180266730173851,3.3333333333333335,0.5741111111111111,0.20122222222222222,0.20122222222222222,0.4197777777777778,0.40244444444444444,0.9765555555555555,0,0.20122222222222222,0.20122222222222222,0.17777777777777778,0.379,0,0.023444444444444445,0,0,0.17777777777777778,0.3777777777777778,0,0.2048888888888889,0.22222222222222224,0.022222222222222223,0.17777777777777778,0,0.022222222222222223,0.044444444444444446,0,0,0,-0.12144444444444444,0.673888888888889,0.1941111111111111,-0.5363333333333333,-0.663,-0.048,NA,0.461,0.8277777777777777,35.06084003448486,35.43994686126709,4350,FALSE,TRUE
PAN: 1969-1989,PAN: 1990-2020,22,0.38526295133437993,2.7917277167277175,-2.6844627594627584,0.2857142857142857,0.009285714285714286,0.18119047619047618,0.2976190476190476,0.49738095238095237,0.033095238095238094,0.7169047619047619,0,0,0.011904761904761904,0.25,0.1930952380952381,0,0.14547619047619048,0.6018571428571429,0,0.03571428571428571,0.25,0.25,0.23809523809523808,0.02642857142857143,0,0,0,0.4880952380952381,0.4880952380952381,0,0.23809523809523808,0.2261904761904762,-1.1046666666666667,0.18966666666666668,-1.0653809523809523,-0.1864761904761905,0.4198095238095238,0.023285714285714285,0.06761904761904762,0.41566666666666663,0.30628571428571427,49.90882396697998,54.598409004211426,7116,FALSE,TRUE
PER: 1969-1980,PER: 1981-1990,13,0.43871939857814474,2.4693953531705075,-1.1139379801628257,0,0,0,0.006583333333333333,0.07466666666666667,0.027833333333333335,0.9366666666666666,0,0.00475,0,0.12391666666666667,0.021833333333333333,0.11316666666666667,0.0105,0,0,0.22841666666666668,0.20458333333333334,0,0,0.0295,0,0,0,0.46008333333333334,0.04725,0.013916666666666667,0.005666666666666667,0,-0.3780833333333333,-1.19475,-1.19825,-1.21625,0.5856666666666667,0.05958333333333332,NA,0.0835,0.30133333333333334,55.45061611175537,57.64854484558106,7184,FALSE,FALSE
PER: 1991-2000,PER: 2001-2020,11,0.4666993464052287,2.352026143790849,-3.147973856209151,1.4,0,0,0.1547,0.6292,0.167,0.3453,0,0.167,0,0,0.333,0,0,0,0,0.2,0.1852,0.14,0,0.1548,0.22,0,0,0.26,0.1548,0.26,0,0,0.7116,-0.8113,-0.4708,-0.4676,0.6912,-0.01,0.38880000000000003,0.1467,0.5968,51.05240619659424,56.9382820892334,6217,FALSE,TRUE
PHL: 1966-1985,PHL: 1986-2020,21,0.2028289786779775,5.008835178926251,-5.491164821073749,0.9,0.167,0.64535,0.82875,0.7562,0.7228,1,0.167,0.056150000000000005,0.4785,0.27895000000000003,0.3351,0.11195000000000001,0.3351,0.44385,0,0.04,0.17,0.2,0.00275,0.0055,0.33,0.14275000000000002,0.24000000000000002,0.5,0.36,0.54725,0.18275000000000002,0,-1.62035,-1.7127999999999999,1.2106000000000001,-0.43905,-1.5225,-1.45015,0.26685000000000003,0.367,-0.81135,41.75609588623047,44.751417045593264,3684,FALSE,TRUE
POL: 1966-1989,POL: 1990-2020,64,0.27203460110626837,3.814476404326825,-0.8938569290065084,2.2916666666666665,0,0,0.778,0.008,0.778,0.918,0,0.0026666666666666666,0.222,0.680875,0.005333333333333333,0.5160416666666667,0.005333333333333333,0.83475,0.15104166666666666,0.25,0.174875,0.125,0,0,0,0.231375,0,0.45975,0.2648333333333333,0.06470833333333334,0.09375,0.026041666666666668,0.986375,0.8039999999999999,-0.5854583333333334,1.3432916666666666,2.2848333333333333,-0.037208333333333336,0.14900000000000002,0.5659583333333333,-0.30062500000000003,26.26282611846924,39.07128112792969,11056,TRUE,FALSE
PRT: 1966-1975,PRT: 1976-2020,50,0.3958993212669684,2.396182126696834,0.09618212669683399,1.4,0.21500000000000002,0.5021,0.48360000000000003,0.7083,0.813,0.7172,0,0.0668,0.17270000000000002,0.1487,0.1728,0.1487,0.4452,0,0,0.0167,0.1389,0.0167,0,0.2998,0,0,0,0.4833,0.6222000000000001,0.3164,0,0.1389,0.5680999999999999,-1.7790000000000001,0.40759999999999996,0.7142000000000001,0.02789999999999999,1.1245,0.1876,0.4607,-0.329,32.79244895935059,51.64029094696045,11278,FALSE,TRUE
PRY: 1966-2003,PRY: 2004-2020,193,0.23679835861276308,5.995752354755119,-2.4516160662975124,1.2105263157894737,0.054052631578947366,0.4133421052631579,0.850078947368421,0.3117894736842105,0.7582105263157894,0.8001052631578948,0,0.18563157894736843,0.17739473684210527,0,0.0411578947368421,0,0.09521052631578947,0.15952631578947368,0,0.11850000000000001,0.1832105263157895,0.21910526315789475,0,0.4070263157894737,0.3575263157894737,0,0,0.4760263157894737,0.27313157894736845,0.1876578947368421,0.15881578947368422,0,1.6780789473684212,-0.8583421052631579,0.5606842105263158,-0.5198157894736842,-0.8332105263157894,-1.2481578947368421,0.2715526315789474,0.29636842105263156,-0.3383157894736842,52.04999691009522,53.05520069122314,5876,FALSE,TRUE
ROU: 1966-1989,ROU: 1990-2020,131,0.24250746551214888,4.879258811219996,-7.620741188780004,1,0,0,0.8854166666666666,0,0.6152916666666667,0.3050833333333333,0,0,0,0.4367916666666667,0.14733333333333334,0.567,0,0,0,0,0,0.13704166666666664,0.017875,0.11916666666666666,0,0,0,0.191625,0.17975,0.161875,0.161875,0,0.4887916666666667,-1.38025,-2.3863749999999997,0.5319166666666667,2.171,2.137,0.023,0.109,-3.214,21.45279602050781,30.216411972045897,11567,TRUE,FALSE
SDN: 1969-1985,SDN: 1986-1988,17,0.4347689672644298,2.7382904973982294,-5.320533032013535,0.9411764705882353,0,0.13405882352941179,0.5944705882352941,0.004647058823529412,0.004647058823529412,0.6556470588235294,0.004647058823529412,0.004647058823529412,0.004647058823529412,0.013294117647058823,0,0,0,0,0.00864705882352941,0.25570588235294117,0.21329411764705883,0.2752352941176471,0.013294117647058823,0.5161176470588236,0.13805882352941176,0.4086470588235294,0.08388235294117648,0.21329411764705883,0.22505882352941178,0.004647058823529412,0.13094117647058823,0,0.187,0.593235294117647,-0.38876470588235296,0.18111764705882352,-0.587764705882353,-0.49,0.19605882352941176,0.3254705882352941,-0.4742352941176471,49.1607137298584,41.614896087646486,1872,TRUE,FALSE
SEN: 1966-1999,SEN: 2000-2020,40,0.20124037544422088,5.504458337326915,-3.6131887214966145,1.911764705882353,0.023529411764705882,0.2,0.6,0.5764705882352941,0.4,0.4,0.2,0.4,0.8,0.17647058823529413,0.3764705882352941,0.29411764705882354,0.11764705882352942,0.2,0,0.2,0.29411764705882354,0.2,0,0,0.2,0.08235294117647059,0,0.4,0.2,0,0,0,1.9323529411764706,0.767470588235294,-0.067,1.1563235294117649,0.47402941176470587,1.807,0.6663235294117648,0.619,1.3805,41.199296112060544,43.374235763549805,1846,FALSE,TRUE
SLE: 1967-2001,SLE: 2002-2020,35,0.320634150547312,3.7844464745591413,-2.6155535254408586,1.2857142857142858,0,0,0.3946571428571429,0.007714285714285714,0.3306,0.49042857142857144,0.33142857142857146,0,0.07554285714285715,0.011428571428571429,0.011428571428571429,0.012685714285714286,0.011428571428571429,0.07014285714285715,0.02142857142857143,0,0.1357142857142857,0,0.2,0.17857142857142858,0.2952,0,0.22174285714285713,0.028257142857142856,0,0,0,0.10511428571428572,0.5965428571428572,1.0976857142857144,0.4701142857142857,0.19674285714285716,0.17674285714285715,-0.35854285714285716,NA,0.3067142857142857,0.06751428571428572,42.540644836425784,42.97020469665527,929,FALSE,FALSE
SLV: 1966-1983,SLV: 1984-2020,143,0.41412077201550884,2.3265896222036573,-0.006743711129676089,1.2222222222222223,0.4583333333333333,0.5,0.5,0.5,0.20833333333333334,1,0,0.25,0,0,0,0,0,0.25,0,0.25,0,0,0,0.0029444444444444444,0,0.2668333333333333,0,0.4444444444444444,0.4444444444444444,0.6944444444444444,0.25,0.027777777777777776,-1.7338333333333333,1.8935000000000002,1.5714444444444444,-1.224,-1.353388888888889,0.5111666666666667,0.04211111111111111,0.3238888888888889,-1.0570555555555556,40.735289077693174,45.18540211090724,4613,FALSE,TRUE
SRB: 1997-2000,SRB: 2001-2020,4,0.45892603129445253,1.8970483641536275,0.14704836415362754,3.25,0,0,1,0.7497499999999999,0.5355,0.67825,0.49974999999999997,0.286,0.32175,0.35724999999999996,0.0715,0.49974999999999997,0.32175,0,0,0,0.15000000000000002,0,0,0,0.49174999999999996,0,0.15000000000000002,0.08325,0.625,0.08325,0.08325,0.34175,1.794,0.043500000000000004,2.21625,1.0885,0.7304999999999999,0.698,0.4475,0.384,-0.435,32.13571702957153,49.46845897674561,7707,FALSE,TRUE
STP: 1975-1990,STP: 1991-2020,16,0.30511675824175827,3.6941048534798537,-4.805895146520146,1,0,0.0055,0.9105,0.052187500000000005,0.43193750000000003,0.1620625,0,0,0.11481250000000001,0,0,0,0,0.084,0.0104375,0.1615,0.7078125,0,0,0.3275,0.0159375,0,0.2555625,0,0.0104375,0,0,0,0.20600000000000002,-0.5533125,-0.730875,-0.7954375,0.695,0.531,0.3344375,0.6581875,0.425,38.99717514664909,43.90241385902062,2432,TRUE,FALSE
SUR: 1980-1987,SUR: 1988-1990,8,0.5702282092907093,1.9293773934398926,-2.5706226065601077,2.5,0,0,0.5,0.5,0.5,0.5,0.5,0,0.5,0.5,0.5,0.5,0.5,0,0,0,0,0,0,0.105875,0,0,0,0,0,0,0,0,-2.16975,0.83175,-0.852125,-1.00525,1.167125,-0.033500000000000016,0.533,0.780375,-0.289,39.40818324909658,46.681879962811095,6503,FALSE,FALSE
SUR: 1991-1991,SUR: 1992-2020,1,1,1.30769230769231,0.30769230769230993,2,0,0,0.5,0.5,0.5,0.5,0.5,0,0.5,0.5,0.5,0.5,0.5,0,0,0,0,0,0,0,0,0,0,0,0,0,0,0,1.773,0.81,-0.599,-1.035,0.811,0.826,0.572,0.83,2.617,38.948062034211574,45.265609900501325,7615,FALSE,TRUE
THA: 1966-1974,THA: 1975-1975,175,0.3544719169719169,3.0740995115995124,-1.037011599511599,0,0.3111111111111111,0.19522222222222224,0.2,0.4,0.5158888888888888,0.9111111111111111,0,0,0.08411111111111111,0.17777777777777778,0.20477777777777778,0.08888888888888889,0.08888888888888889,0.19522222222222224,0,0.2,0.2,0.2,0.2,0.427,0.2,0,0,0.20477777777777778,0.18255555555555555,0.19522222222222224,0.08411111111111111,0,-1.5452222222222223,-1.0536666666666665,-0.8936666666666667,-0.562,-0.8697777777777778,-0.517,0.10355555555555555,0.6007777777777777,-1.1732222222222222,40.761046981811525,44.45015308380127,2664,FALSE,TRUE
THA: 1976-1982,THA: 1983-1990,7,0.6009687710089608,2.7427866575838813,1.17135808615531,1.8571428571428572,0.47614285714285715,0,0.12942857142857142,0.32942857142857146,0.6,0.8,0,0,0,0.12385714285714285,0.3142857142857143,0.04371428571428571,0.1142857142857143,0,0,0.2,0.2,0.2,0.2,0.5562857142857143,0.2,0,0,0.2,0.28014285714285714,0,0,0,-0.45299999999999996,-0.2785714285714286,0.6235714285714286,-0.0027142857142857485,-0.014571428571428577,-0.517,0.2042857142857143,0.6824285714285714,-0.36657142857142855,42.68557991027832,45.939049949646,3829,FALSE,FALSE
THA: 1991-1992,THA: 1993-2006,2,0.6088516746411483,3.723684210526315,2.223684210526315,0,0.4,0.2,0.37,0.57,0.57,0.8,0,0,0,0,0.57,0,0,0,0,0.2,0.2,0.2,0.2,0.63,0.2,0,0,0.37,0.541,0.37,0.17,0,-0.756,0.029,1.626,-1.712,0.35,-0.517,0.099,0.755,-0.338,43.86889904022217,46.85369895935059,7452,FALSE,FALSE
THA: 2007-2011,THA: 2012-2013,6,0.6070113075330467,4.700932632584806,3.100932632584806,3.2,0.342,0.0916,0.3664,0.5326,0.333,0.818,0,0.0762,0,0.0812,0.4914,0.3472,0.14780000000000001,0,0,0.2,0.2,0.2,0.2792,0.6288,0.2,0,0,0.2,0.3992,0.2008,0.08080000000000001,0,0.9448,1.5792,1.0216,1.5452,0.6766,0.524,0.6372,0.7788,-0.1924,40.05014389038086,42.77051807403564,13318,FALSE,FALSE
TUN: 1966-2014,TUN: 2015-2020,59,0.29100589458681264,5.074431908288758,-5.8643436019153246,1.0408163265306123,0.11997959183673469,0.358,0.8506734693877551,0.40163265306122453,0.8098775510204081,0.2106734693877551,0,0.031632653061224494,0,0.19246938775510206,0.44873469387755105,0.017959183673469388,0.17434693877551022,0,0.0996734693877551,0.04983673469387755,0.18348979591836734,0.1133469387755102,0.011326530612244898,0,0,0.0746734693877551,0.4146326530612245,0.7169183673469388,0.5354285714285715,0.45985714285714285,0.3420612244897959,0.006795918367346939,0.7522857142857143,1.5209591836734693,-1.3081632653061224,0.049448979591836736,0.22714285714285715,0.1800816326530612,0.2528367346938776,0.38402040816326527,-1.0076530612244898,38.268343925476074,40.91064403533935,11040,FALSE,TRUE
TUR: 1981-1983,TUR: 1984-2015,4,0.4408602150537633,2.13709677419355,0.13709677419354996,0.3333333333333333,0.13766666666666666,0.2663333333333333,0.3826666666666667,0.5883333333333334,0.463,0.715,0.16833333333333333,0.2703333333333333,0.16833333333333333,0.13966666666666666,0.30133333333333334,0.09300000000000001,0.08533333333333333,0.17700000000000002,0,0,0.05533333333333334,0.10266666666666667,0.083,0.21133333333333335,0.261,0.18633333333333335,0,0.219,0.19733333333333333,0,0,0,0.3696666666666667,0.5883333333333334,-0.22666666666666668,1.2283333333333335,-0.44,-0.108,0.418,0.4583333333333333,-0.737,41.60950705526006,43.97812924211661,8064,FALSE,FALSE
TWN: 1966-1995,TWN: 1996-2020,47,0.18509567003045263,5.596146713190191,0.862813379856858,1,0,0.167,0.7168,0.5334,0.589,0.7665,0.167,0,0.25553333333333333,0.08906666666666667,0.2723333333333333,0.08906666666666667,0.08906666666666667,0.2998,0,0.1169,0.044533333333333334,0,0,0,0.08906666666666667,0,0.2832,0.28873333333333334,0.46123333333333333,0.15030000000000002,0.12803333333333333,0.21126666666666669,1.0466666666666666,0.5963666666666666,0.2807666666666667,1.2283333333333333,0.3060333333333333,-0.1778,0.3132666666666667,0.239,-0.4853,28.981290912628175,30.912514953613282,20152,FALSE,TRUE
UGA: 1966-1980,UGA: 1981-1985,19,0.35090849151994674,2.476235987324222,-1.0570973460091113,0.4666666666666667,0.143,0,0.34559999999999996,0,0,0.9214,0.16506666666666667,0.06939999999999999,0.057199999999999994,0.057199999999999994,0,0.18146666666666667,0,0,0.16066666666666665,0.12393333333333333,0.3716,0.3237333333333333,0,0.40026666666666666,0.5317333333333333,0.24786666666666665,0.4848,0.3244666666666666,0.143,0.1433333333333333,0.1433333333333333,0.32306666666666667,-0.8950666666666667,1.8411333333333333,-2.0994666666666664,1.2619333333333334,-0.3114666666666666,-0.44286666666666663,0.413,0.05973333333333333,-1.781,39.5860718396269,45.027733235457355,888,FALSE,FALSE
URY: 1974-1984,URY: 1985-2020,12,0.3081918081918082,3.1184648684648684,0.48210123210123185,1.2727272727272727,0.2,0.34545454545454546,0.17272727272727273,0.6272727272727272,0.27272727272727276,0.9727272727272728,0,0.1,0.14545454545454548,0.045454545454545456,0.14545454545454548,0.045454545454545456,0.14545454545454548,0.1,0,0,0.21227272727272725,0,0.12999999999999998,0.12999999999999998,0,0,0,0.7768181818181817,0.46354545454545454,0.028181818181818183,0.028181818181818183,0,0.08163636363636363,0.392,-1.2503636363636363,-0.8904545454545454,1.1654545454545455,1.589,NA,0.21236363636363637,-1.6149090909090908,40.29270908355713,48.51960700988769,8653,FALSE,FALSE
YUG: 1966-2000,YUG: 2001-2002,72,0.3641374809665237,3.0383974343269107,-0.9330311371016609,NA,NA,NA,NA,NA,NA,NA,NA,NA,NA,NA,NA,NA,NA,NA,NA,NA,NA,NA,NA,NA,NA,NA,NA,NA,NA,NA,NA,NA,NA,NA,NA,NA,NA,NA,NA,NA,NA,42.03032759794086,45.750411775799975,9371,TRUE,FALSE
ZAF: 1966-1993,ZAF: 1994-2020,84,0.18357941017162596,5.5569814945975935,0.02126720888330791,1.2142857142857142,0,0.2533571428571429,0.2543571428571429,0.1950714285714286,0.16442857142857142,0.16442857142857142,0.6720357142857143,0.3279642857142857,0.030642857142857142,0.015321428571428571,0.1950714285714286,0.030642857142857142,0.16442857142857142,0.16442857142857142,0.017892857142857144,0.017892857142857144,0.017892857142857144,0.017892857142857144,0.017892857142857144,0.017892857142857144,0.8035357142857144,0.19646428571428573,0.5713928571428571,0.5892857142857143,0.19646428571428573,0.7678571428571429,0.5713928571428571,0.19646428571428573,-0.35214285714285715,2.938142857142857,2.950214285714286,-0.7898928571428572,-1.4214285714285715,-2.038,0.4203214285714285,0.3659642857142857,-1.1924285714285714,59.655335121154785,68.28179122924804,8390,FALSE,TRUE
ZMB: 1966-2008,ZMB: 2009-2020,45,0.2623700386407405,4.586376348008009,-5.506646907805945,1,0.25,0.5,0.9709302325581395,0.815906976744186,0.5096744186046511,0.7209302325581395,0.36627906976744184,0.1821860465116279,0.5949767441860465,0.25776744186046513,0,0.22093023255813954,0.22093023255813954,0,0.25,0.25,0.25,0.36046511627906974,0,0.02130232558139535,0.30027906976744184,0.25,0.25,0.5116279069767442,0.5290697674418605,0.3081395348837209,0.25,0,1.3459767441860466,0.8588837209302326,-0.17790697674418604,-0.5624186046511628,0.4941860465116279,1.065720930232558,0.4997441860465116,0.6556511627906977,1.082,54.63059097290039,55.68622497558594,2742,TRUE,TRUE
